<?xml version="1.0" encoding="utf-8"?>
<database>
    <version>2.1.0</version>
    <name>Accounts</name>
    <uri>http://www.apprain.com</uri>
    <description><![CDATA[
            Accounting System
        ]]></description>
    <author>Reazaul Karim</author>
    <author_uri>http://reazulk.wordpress.com</author_uri>
    <namespace>auto</namespace>
    <help>
        <![CDATA[
            __APPACCOUNCE__
        ]]>
    </help>
    <checkfiles>
        <filepath>register.php</filepath>
    </checkfiles>
</database>