<?xml version="1.0" encoding="utf-8"?>
<database>
    <version>2.3.11</version>
    <name>Accounts</name>
    <uri>http://www.apprain.com</uri>
    <description><![CDATA[
            Accounting System
        ]]></description>
    <author>Reazaul Karim -Rubel</author>
    <author_uri>http://reazulk.wordpress.com</author_uri>
    <namespace>auto</namespace>
    <help>
        <![CDATA[
            __APPACCOUNTS__
        ]]>
    </help>
    <checkfiles>
        <filepath>register.php</filepath>
    </checkfiles>
</database>