<?xml version="1.0" encoding="utf-8"?>
<!--
/**
 * appRain CMF
 *
 * LICENSE
 *
 * This source file is subject to the MIT license that is bundled
 * with this package in the file LICENSE.txt.
 * It is also available through the world-wide-web at this URL:
 * http://www.opensource.org/licenses/mit-license.php
 * If you did not receive a copy of the license and are unable to
 * obtain it through the world-wide-web, please send an email
 * to license@apprain.com so we can send you a copy immediately.
 *
 * @copyright  Copyright (c) 2010 appRain, Inc. (http://www.apprain.com)
 * @license    http://www.opensource.org/licenses/mit-license.php MIT license
 *
 * HELP
 *
 * Official Website
 * http://www.apprain.com/
 *
 * Download Link
 * http://www.apprain.com/download
 *
 * Documents Link
 * http ://www.apprain.com/documents
 */
-->
<InformationSet>
    <!--
    /**
     * Base Section
     * Contain all Global Options
     */
    -->
    <base mode="db">
        <version>0.1.0</version>
        <lastupdate>2009-12-01</lastupdate>
        <title>Account Generator</title>
        <admin_tab>accounts</admin_tab>
		<addons />
       <parameters />
        <generic-field>
            <enabled>No</enabled>
            <title>Sort Order</title>
            <type>genericTag</type>
            <validation>
                <rule>
                    <type>isNumber</type>
                    <err-message>Sort Order must be integer type value</err-message>
                </rule>
            </validation>
            <tag-attributes>
                <attribute name="id">generic</attribute>
                <attribute name="class">app_input</attribute>
            </tag-attributes>
        </generic-field>
        <max_entry>
            <limit></limit>
            <message><![CDATA[]]></message>
        </max_entry>
        <sreach>
              <status>Yes</status>
              <field-selected>title</field-selected>
			  <field-description>description</field-description>
              <parma-link>
                <!-- Relative Absolute -->
                <type>Relative</type>
                <uri><![CDATA[blog-by-post/[id]/[title]]]></uri>
              </parma-link>
        </sreach>
    </base>
    <!--
    /**
     * Fields Section
     * Contain all input Fields Definitions
     */
    -->
    <fields>
		<field name="name">
            <title>Name</title>
            <type>inputTag</type>
            <searchable>Yes</searchable>
            <validation>
                <rule>
                    <type>notEmpty</type>
                    <err-message>Enter a name</err-message>
                </rule>
            </validation>
            <parameters />
            <tag-attributes>
                <attribute name="id">title</attribute>
                <attribute name="class">app_input</attribute>
            </tag-attributes>
        </field> 
		<field name="constant">
            <title>Constant</title>
            <type>inputTag</type>
            <searchable>Yes</searchable>
            <validation />
            <parameters />
            <tag-attributes>
                <attribute name="id">constant</attribute>
                <attribute name="class">app_input</attribute>
            </tag-attributes>
        </field>
		<field name="length">
            <title>Length</title>
            <type>inputTag</type>
            <searchable>Yes</searchable>
            <validation>
                <rule>
                    <type>notEmpty</type>
                    <err-message>Enter length</err-message>
                </rule>
            </validation>
            <parameters />
            <tag-attributes>
                <attribute name="id">length</attribute>
                <attribute name="class">app_input</attribute>
            </tag-attributes>
        </field>		
    </fields>
</InformationSet>